{"id":"afeaed22-f89b-48e1-98b4-46a514344e4a","autoZoom":false,"mirrorParticipants":true,"extent":{"left":0.0,"top":0.0,"width":1918.0,"height":1078.88},"sprites":[{"filename":"meetingRoomTable.png","isAlpha":false,"cy":540.0,"cx":960.0,"width":1920.0,"height":1080.0,"zOrder":1.0},{"filename":"meetingRoom.png","isAlpha":false,"cy":541.915649,"cx":958.5773,"width":1917.15454,"height":1075.8313,"zOrder":2.0}],"participants":[{"cy":818.0,"cx":234.0,"width":341.0,"height":192.0,"zOrder":3.0,"seatingOrder":14,"reservedForMeetingRole":1},{"cy":738.5,"cx":1224.0,"width":276.0,"height":155.0,"zOrder":4.0,"seatingOrder":13,"reservedForMeetingRole":1},{"cy":779.5,"cx":479.0,"width":276.0,"height":155.0,"zOrder":5.0,"seatingOrder":12,"reservedForMeetingRole":1},{"cy":751.5,"cx":1430.0,"width":276.0,"height":155.0,"zOrder":6.0,"seatingOrder":11,"reservedForMeetingRole":1},{"cy":759.5,"cx":638.0,"width":276.0,"height":155.0,"zOrder":7.0,"seatingOrder":10,"reservedForMeetingRole":1},{"cy":939.0,"cx":196.0,"width":391.0,"height":220.0,"zOrder":8.0,"seatingOrder":9,"reservedForMeetingRole":1},{"cy":736.5,"cx":708.0,"width":276.0,"height":155.0,"zOrder":9.0,"seatingOrder":8,"reservedForMeetingRole":3},{"cy":765.5,"cx":558.5,"width":251.0,"height":141.0,"zOrder":10.0,"seatingOrder":7,"reservedForMeetingRole":1},{"cy":719.5,"cx":945.0,"width":276.0,"height":155.0,"zOrder":11.0,"seatingOrder":6,"reservedForMeetingRole":7},{"cy":728.5,"cx":1128.0,"width":276.0,"height":155.0,"zOrder":12.0,"seatingOrder":5,"reservedForMeetingRole":1},{"cy":853.5,"cx":1704.0,"width":276.0,"height":155.0,"zOrder":13.0,"seatingOrder":4,"reservedForMeetingRole":1},{"cy":739.5,"cx":1340.0,"width":276.0,"height":155.0,"zOrder":14.0,"seatingOrder":3,"reservedForMeetingRole":1},{"cy":794.5,"cx":1561.0,"width":276.0,"height":155.0,"zOrder":15.0,"seatingOrder":2,"reservedForMeetingRole":3},{"cy":789.5,"cx":357.0,"width":276.0,"height":155.0,"zOrder":16.0,"seatingOrder":1,"reservedForMeetingRole":1},{"cy":897.5,"cx":2050.0,"width":457.0,"height":257.0,"zOrder":17.0,"seatingOrder":0,"reservedForMeetingRole":1}]}