{"participants":[{"width":341,"height":192,"cx":234,"cy":828,"seatingOrder":14,"zOrder":3,"reservedForMeetingRole":1,"id":"00386df3-d972-4d09-91d2-1eee4bb12837"},{"width":276,"height":155,"cx":1223,"cy":748.5,"seatingOrder":13,"zOrder":4,"reservedForMeetingRole":1,"id":"f37b16bc-474e-462c-8fcb-67fd933b8558"},{"width":276,"height":155,"cx":478,"cy":789.5,"seatingOrder":12,"zOrder":5,"reservedForMeetingRole":1,"id":"10486299-eb50-4846-a13b-b8050e67c419"},{"width":276,"height":155,"cx":1429,"cy":761.5,"seatingOrder":11,"zOrder":6,"reservedForMeetingRole":1,"id":"acd54c56-0b01-4534-9599-e7f566e643dc"},{"width":276,"height":155,"cx":637,"cy":769.5,"seatingOrder":10,"zOrder":7,"reservedForMeetingRole":1,"id":"e7d907e6-8ee5-4356-afc9-ca728b989f6f"},{"width":391,"height":220,"cx":195,"cy":949,"seatingOrder":9,"zOrder":8,"reservedForMeetingRole":1,"id":"08d3dcc8-28b6-488b-a8c6-fabbcc409c2d"},{"width":276,"height":155,"cx":707,"cy":746.5,"seatingOrder":8,"zOrder":9,"reservedForMeetingRole":3,"id":"136d7496-d557-4f10-91d5-bbc94be38e00"},{"width":251,"height":141,"cx":557.5,"cy":775.5,"seatingOrder":7,"zOrder":10,"reservedForMeetingRole":1,"id":"9db1c671-0d5f-4c22-92dd-9b6b2e96b5f3"},{"width":276,"height":155,"cx":944,"cy":729.5,"seatingOrder":6,"zOrder":11,"reservedForMeetingRole":7,"id":"91638963-b32e-4a38-9bc6-4209ebaac701"},{"width":276,"height":155,"cx":1127,"cy":738.5,"seatingOrder":5,"zOrder":12,"reservedForMeetingRole":1,"id":"ed27b25b-db51-4b5b-94ae-036400302db1"},{"width":276,"height":155,"cx":1703,"cy":863.5,"seatingOrder":4,"zOrder":13,"reservedForMeetingRole":1,"id":"ae4de3f6-1459-476b-8921-ae0c68276216"},{"width":276,"height":155,"cx":1339,"cy":749.5,"seatingOrder":3,"zOrder":14,"reservedForMeetingRole":1,"id":"01def9c7-a769-430a-8fd4-ba43ef574371"},{"width":276,"height":155,"cx":1560,"cy":804.5,"seatingOrder":2,"zOrder":15,"reservedForMeetingRole":3,"id":"2bd9b758-6a82-497c-9b67-a6d63839fb03"},{"width":276,"height":155,"cx":356,"cy":799.5,"seatingOrder":1,"zOrder":16,"reservedForMeetingRole":1,"id":"91967219-5aee-4e5f-9715-4a3a843b4652"},{"width":457,"height":257,"cx":2050,"cy":907.5,"seatingOrder":0,"zOrder":17,"reservedForMeetingRole":1,"id":"6a82cba6-8d8e-421a-b856-2258a408fe82"}],"sprites":[{"filename":"meetingRoomTable.png","width":1920,"height":1080,"cx":0,"cy":0,"isAlpha":false,"zOrder":1,"id":"b52a859e-ea48-4e9e-92d1-387c19f7d9d8"},{"filename":"meetingRoom.png","width":1917.1545,"height":1075.8313,"cx":-1.4227499999999509,"cy":1.9156500000000278,"isAlpha":false,"zOrder":2,"id":"24a9d203-ade9-49f1-87c9-6f5a21ee7b1f"}],"extent":{"left":-960,"top":-540,"width":1918,"height":1078.88},"autoZoom":false,"id":"5d4b416b-9d76-4dd9-866e-52becd3a0f8e","mirrorParticipants":true}